{"cameraMode":{"drawMode":0,"name":"Shaded","section":"Shading Mode"},"sceneLighting":true,"audioPlay":false,"sceneViewState":{"m_AlwaysRefresh":false,"showFog":true,"showSkybox":true,"showFlares":true,"showImageEffects":true,"showParticleSystems":true,"showVisualEffectGraphs":true,"m_FxEnabled":true},"in2DMode":false,"pivot":{"x":7.845176696777344,"y":-13.962930679321289,"z":14.970844268798829},"rotation":{"x":-0.3533523976802826,"y":-0.12934929132461549,"z":0.04940761253237724,"w":-0.9252451062202454},"size":18.237442016601564,"orthographic":false}