{"cameraMode":{"drawMode":0,"name":"Shaded","section":"Shading Mode"},"sceneLighting":true,"audioPlay":false,"sceneViewState":{"m_AlwaysRefresh":false,"showFog":true,"showSkybox":true,"showFlares":true,"showImageEffects":true,"showParticleSystems":true,"showVisualEffectGraphs":true,"m_FxEnabled":true},"in2DMode":false,"pivot":{"x":-0.15952011942863465,"y":5.232234477996826,"z":-4.144771575927734},"rotation":{"x":-0.5208640098571777,"y":0.0031013546977192165,"z":-0.0018304013647139073,"w":-0.8537458181381226},"size":15.31401538848877,"orthographic":false}