{"cameraMode":{"drawMode":0,"name":"Shaded","section":"Shading Mode"},"sceneLighting":true,"audioPlay":false,"sceneViewState":{"m_AlwaysRefresh":false,"showFog":true,"showSkybox":true,"showFlares":true,"showImageEffects":true,"showParticleSystems":true,"showVisualEffectGraphs":true,"m_FxEnabled":true},"in2DMode":false,"pivot":{"x":1.0106486082077027,"y":-18.695043563842775,"z":10.857199668884278},"rotation":{"x":-0.46725383400917055,"y":0.020419344305992128,"z":-0.010792450048029423,"w":-0.8838508129119873},"size":17.067298889160158,"orthographic":false}