{"cameraMode":{"drawMode":0,"name":"Shaded","section":"Shading Mode"},"sceneLighting":true,"audioPlay":false,"sceneViewState":{"m_AlwaysRefresh":false,"showFog":true,"showSkybox":true,"showFlares":true,"showImageEffects":true,"showParticleSystems":true,"showVisualEffectGraphs":true,"m_FxEnabled":true},"in2DMode":false,"pivot":{"x":2.7689919471740724,"y":-14.03954029083252,"z":10.223245620727539},"rotation":{"x":-0.4509805142879486,"y":0.03800062835216522,"z":-0.019221754744648935,"w":-0.8915459513664246},"size":42.38841247558594,"orthographic":false}